CREATE TABLE AUDITORIUM_TYPE
(
AUDITORIUM_TYPE nvarchar2(10) PRIMARY KEY,
AUDITORIUM_TYPENAME nvarchar2(30)
);

INSERT INTO AUDITORIUM_TYPE(AUDITORIUM_TYPE, AUDITORIUM_TYPENAME)
VALUES ('LK', 'Lekcionnaya');
INSERT INTO AUDITORIUM_TYPE(AUDITORIUM_TYPE, AUDITORIUM_TYPENAME)
VALUES ('LB-K', 'Komp`yuternyj klass');
INSERT INTO AUDITORIUM_TYPE(AUDITORIUM_TYPE, AUDITORIUM_TYPENAME)
VALUES ('LK-K', 'Lekcionnaya s ust. proektorom');
INSERT INTO AUDITORIUM_TYPE(AUDITORIUM_TYPE, AUDITORIUM_TYPENAME)
VALUES ('LB-X', 'Himicheskaya laboratoriya');
INSERT INTO AUDITORIUM_TYPE(AUDITORIUM_TYPE, AUDITORIUM_TYPENAME)
VALUES ('LB-SK', 'Spec. komp`yuternyj klass');

CREATE TABLE AUDITORIUM
(
AUDITORIUM nvarchar2(20) PRIMARY KEY,
AUDITORIUM_TYPE nvarchar2(10), FOREIGN KEY(AUDITORIUM_TYPE) REFERENCES AUDITORIUM_TYPE(AUDITORIUM_TYPE),
AUDITORIUM_CAPACITY int DEFAULT 1 CHECK(AUDITORIUM_CAPACITY BETWEEN 1 AND 300),
AUDITORIUM_NAME nvarchar2(50)
);


INSERT INTO AUDITORIUM(AUDITORIUM, AUDITORIUM_NAME, AUDITORIUM_TYPE, AUDITORIUM_CAPACITY)
VALUES ('206-1', '206-1','LB-K', 15);
INSERT INTO AUDITORIUM(AUDITORIUM, AUDITORIUM_NAME, AUDITORIUM_TYPE, AUDITORIUM_CAPACITY)
VALUES ('301-1', '301-1', 'LB-K', 15);
INSERT INTO AUDITORIUM(AUDITORIUM, AUDITORIUM_NAME, AUDITORIUM_TYPE, AUDITORIUM_CAPACITY)
VALUES ('236-1', '236-1', 'LK', 60);
INSERT INTO AUDITORIUM(AUDITORIUM, AUDITORIUM_NAME, AUDITORIUM_TYPE, AUDITORIUM_CAPACITY)
VALUES ('313-1', '313-1', 'LK-K', 60);
INSERT INTO AUDITORIUM(AUDITORIUM, AUDITORIUM_NAME, AUDITORIUM_TYPE, AUDITORIUM_CAPACITY)
VALUES ('324-1', '324-1', 'LK-K', 50);
INSERT INTO AUDITORIUM(AUDITORIUM, AUDITORIUM_NAME, AUDITORIUM_TYPE, AUDITORIUM_CAPACITY)
VALUES ('413-1', '413-1', 'LB-K', 15);
INSERT INTO AUDITORIUM(AUDITORIUM, AUDITORIUM_NAME, AUDITORIUM_TYPE, AUDITORIUM_CAPACITY)
VALUES ('423-1', '423-1', 'LB-K', 90);
INSERT INTO AUDITORIUM(AUDITORIUM, AUDITORIUM_NAME, AUDITORIUM_TYPE, AUDITORIUM_CAPACITY)
VALUES ('408-2', '408-2', 'LK', 90);
INSERT INTO AUDITORIUM(AUDITORIUM, AUDITORIUM_NAME, AUDITORIUM_TYPE, AUDITORIUM_CAPACITY)
VALUES ('103-4', '103-4', 'LK', 90);
INSERT INTO AUDITORIUM(AUDITORIUM, AUDITORIUM_NAME, AUDITORIUM_TYPE, AUDITORIUM_CAPACITY)
VALUES ('105-4', '105-4', 'LK', 90);
INSERT INTO AUDITORIUM(AUDITORIUM, AUDITORIUM_NAME, AUDITORIUM_TYPE, AUDITORIUM_CAPACITY)
VALUES ('107-4', '107-4', 'LK', 90);
INSERT INTO AUDITORIUM(AUDITORIUM, AUDITORIUM_NAME, AUDITORIUM_TYPE, AUDITORIUM_CAPACITY)
VALUES ('110-4', '110-4', 'LK', 30);
INSERT INTO AUDITORIUM(AUDITORIUM, AUDITORIUM_NAME, AUDITORIUM_TYPE, AUDITORIUM_CAPACITY)
VALUES ('111-4', '111-4', 'LK', 30);
INSERT INTO AUDITORIUM(AUDITORIUM, AUDITORIUM_NAME, AUDITORIUM_TYPE, AUDITORIUM_CAPACITY)
VALUES ('114-4', '114-4', 'LK-K', 90 );


CREATE TABLE FACULTY
(
FACULTY nvarchar2(10) PRIMARY KEY,
FACULTY_NAME nvarchar2(50) DEFAULT 'Neizvestno'
);


INSERT INTO FACULTY(FACULTY, FACULTY_NAME)
VALUES ('IDiP', 'Izdatel`koe delo i poligrafiya');
INSERT INTO FACULTY(FACULTY, FACULTY_NAME)
VALUES ('HTiT', 'Himicheskaya tekhnologiya i tekhnika');
INSERT INTO FACULTY(FACULTY, FACULTY_NAME)
VALUES ('LHF', 'Lesohozyajstvennyj fakul`tet');
INSERT INTO FACULTY(FACULTY, FACULTY_NAME)
VALUES ('IEF', 'Inzhenerno-ekonomicheskij fakul`tet');
INSERT INTO FACULTY(FACULTY, FACULTY_NAME)
VALUES ('TTLP', 'Tekhnologiya i tekhnika lesnoj promyshlennosti');
INSERT INTO FACULTY(FACULTY, FACULTY_NAME)
VALUES ('TOV', 'Tekhnologiya organicheskih veshchestv');
INSERT INTO FACULTY(FACULTY, FACULTY_NAME)
VALUES ('IT', 'Fakul`tet informacionnyh tekhnologij');


CREATE TABLE PULPIT
(
PULPIT nvarchar2(20) PRIMARY KEY,
PULPIT_NAME nvarchar2(100),
FACULTY nvarchar2(10), FOREIGN KEY(FACULTY) REFERENCES FACULTY(FACULTY)
);


INSERT INTO PULPIT(PULPIT, PULPIT_NAME, FACULTY)
VALUES ('ISiT', 'Informacionnyh sistem i tekhnologij', 'IDiP');
INSERT INTO PULPIT(PULPIT, PULPIT_NAME, FACULTY)
VALUES('POiSOI','Poligraficheskogo oborudovaniya i sistem obrabotki informa-cii ', 'IDiP');
INSERT INTO PULPIT(PULPIT, PULPIT_NAME, FACULTY)
VALUES('BF', 'Belorusskoj
filologii','IDiP');
INSERT INTO PULPIT(PULPIT, PULPIT_NAME, FACULTY)
VALUES('RIT', 'Redakcionno-izdatel`skih tenologij', 'IDiP') ;
INSERT INTO PULPIT(PULPIT, PULPIT_NAME, FACULTY)
VALUES('PP', 'Poligraficheskih proizvodstv', 'IDiP') ;
INSERT INTO PULPIT(PULPIT, PULPIT_NAME, FACULTY)
VALUES('LV', 'Lesovodstva','LHF');
INSERT INTO PULPIT(PULPIT, PULPIT_NAME, FACULTY)
VALUES('OV', 'Ohotovedeniya','LHF') ;
INSERT INTO PULPIT(PULPIT, PULPIT_NAME, FACULTY)
VALUES('LU', 'Lesoustrojstva','LHF') ;
INSERT INTO PULPIT(PULPIT, PULPIT_NAME, FACULTY)
VALUES('LZiDV', 'Lesozashchity i drevesinovedeniya', 'LHF');
INSERT INTO PULPIT(PULPIT, PULPIT_NAME, FACULTY)
VALUES('LKiP', 'Lesnyh kul`tur i pochvovedeniya', 'LHF') ;
INSERT INTO PULPIT(PULPIT, PULPIT_NAME, FACULTY)
VALUES('TiP', 'Turizma i prirodopol`zovaniya', 'LHF') ;
INSERT INTO PULPIT(PULPIT, PULPIT_NAME, FACULTY)
VALUES('LPiSPS', 'Landshaftnogo proektirovaniya i sadovo-parkovogo stroitel`stva', 'LHF');
INSERT INTO PULPIT(PULPIT, PULPIT_NAME, FACULTY)
VALUES('TL', 'Transporta lesa', 'TTLP');
INSERT INTO PULPIT(PULPIT, PULPIT_NAME, FACULTY)
VALUES('LMiLZ', 'Lesnyh mashin i tekhnologii lesozagotovok', 'TTLP') ;
INSERT INTO PULPIT(PULPIT, PULPIT_NAME, FACULTY)
VALUES('TDP', 'Tekhnologij derevoobrabatyvayushchih proizvodstv', 'TTLP') ;
INSERT INTO PULPIT(PULPIT, PULPIT_NAME, FACULTY)
VALUES('TiDID', 'Tekhnologii i dizajna izdelij iz drevesiny', 'TTLP') ;
INSERT INTO PULPIT(PULPIT, PULPIT_NAME, FACULTY)
VALUES('OH', 'Organicheskoj himii', 'TOV');
INSERT INTO PULPIT(PULPIT, PULPIT_NAME, FACULTY)
VALUES('TNHSiPPM', 'Tekhnologii neftekhimicheskogo sinteza i pererabotki poli-mernyh materialov', 'TOV');
INSERT INTO PULPIT(PULPIT, PULPIT_NAME, FACULTY)
VALUES('HPD', 'Himicheskoj pererabotki drevesiny', 'TOV') ;
INSERT INTO PULPIT(PULPIT, PULPIT_NAME, FACULTY)
VALUES('TNViOHT', 'Tekhnologii neorganicheskih veshchestv i obshchej himicheskoj tekhnologii ', 'HTiT');
INSERT INTO PULPIT(PULPIT, PULPIT_NAME, FACULTY)
VALUES('HTEPiMEE', 'Himii, tekhnologii elektrohimicheskih proizvodstv i mate-rialov elektronnoj tekhniki', 'HTiT');
INSERT INTO PULPIT(PULPIT, PULPIT_NAME, FACULTY)
VALUES('MiAHiSP', 'Mashin i apparatov himicheskih i silikatnyh proizvodstv', 'HTiT');
INSERT INTO PULPIT(PULPIT, PULPIT_NAME, FACULTY)
VALUES('PiAHP', 'Processov i apparatov himicheskih proizvodstv', 'HTiT') ;
INSERT INTO PULPIT(PULPIT, PULPIT_NAME, FACULTY)
VALUES('ETiM', 'Ekonomicheskoj teorii i marketinga', 'IEF');
INSERT INTO PULPIT(PULPIT, PULPIT_NAME, FACULTY)
VALUES('MiEP', 'Menedzhmenta i ekonomiki prirodopol`zovaniya', 'IEF') ;
INSERT INTO PULPIT(PULPIT, PULPIT_NAME, FACULTY)
VALUES('SBUAiA', 'Statistiki, buhgalterskogo ucheta, analiza i audita', 'IEF');


CREATE TABLE TEACHER
(
TEACHER nvarchar2(10) PRIMARY KEY,
TEACHER_NAME nvarchar2(100),
GENDER nvarchar2(1) CHECK (GENDER in ('m', 'zh')),
PULPIT nvarchar2(20) ,FOREIGN KEY(PULPIT) REFERENCES PULPIT(PULPIT)
);


INSERT INTO TEACHER(TEACHER, TEACHER_NAME, GENDER, PULPIT)
VALUES ('SMLV', 'Smelov Vladimir Vladislavovich', 'm', 'ISiT');
INSERT INTO TEACHER(TEACHER, TEACHER_NAME, GENDER, PULPIT)
VALUES ('AKNVCH', 'Akunovich Stanislav Ivanovich', 'm', 'ISiT');
INSERT INTO TEACHER(TEACHER, TEACHER_NAME, GENDER, PULPIT)
VALUES ('KLSNV', 'Kolesnikov Vitalij Leonidovich', 'm', 'ISiT');
INSERT INTO TEACHER(TEACHER, TEACHER_NAME, GENDER, PULPIT)
VALUES ('BRKVCH', 'Brakovich Andrej Igorevich', 'm', 'ISiT');
INSERT INTO TEACHER(TEACHER, TEACHER_NAME, GENDER, PULPIT)
VALUES ('DTK', 'Dyatko Aleksandr Arkad`evich', 'm', 'ISiT');
INSERT INTO TEACHER(TEACHER, TEACHER_NAME, GENDER, PULPIT)
VALUES ('URB', 'Urbanovich Pavel Pavlovich', 'm', 'ISiT');
INSERT INTO TEACHER(TEACHER, TEACHER_NAME, GENDER, PULPIT)
VALUES ('GRN', 'Gurin Nikolaj Ivanovich', 'm', 'ISiT');
INSERT INTO TEACHER(TEACHER, TEACHER_NAME, GENDER, PULPIT)
VALUES ('ZHLK', 'ZHilyak Nadezhda Aleksandrovna', 'zh', 'ISiT');
INSERT INTO TEACHER(TEACHER, TEACHER_NAME, GENDER, PULPIT)
VALUES ('MRZ', 'Moroz Elena Stanislavovna', 'zh', 'ISiT');
INSERT INTO TEACHER(TEACHER, TEACHER_NAME, GENDER, PULPIT)
VALUES
('BRTSHVCH', 'Bartashevich Svyatoslav Aleksandrovich', 'm','POiSOI');
INSERT INTO TEACHER(TEACHER, TEACHER_NAME, GENDER, PULPIT)
VALUES ('ARS', 'Arsent`ev Vitalij Arsent`evich', 'm', 'POiSOI') ;
INSERT INTO TEACHER(TEACHER, TEACHER_NAME, GENDER, PULPIT)
VALUES ('BRNVSK', 'Baranovskij Stanislav Ivanovich', 'm', 'ETiM');
INSERT INTO TEACHER(TEACHER, TEACHER_NAME, GENDER, PULPIT)
VALUES ('NVRV', 'Neverov Aleksandr Vasil`evich', 'm', 'MiEP');
INSERT INTO TEACHER(TEACHER, TEACHER_NAME, GENDER, PULPIT)
VALUES ('RVKCH', 'Rovkach Andrej Ivanovich', 'm', 'OV');
INSERT INTO TEACHER(TEACHER, TEACHER_NAME, GENDER, PULPIT)
VALUES ('DMDK', 'Demidko Marina Nikolaevna', 'zh', 'LPiSPS');
INSERT INTO TEACHER(TEACHER, TEACHER_NAME, GENDER, PULPIT)
VALUES ('BRG', 'Burganskaya Tat`yana Minaevna', 'zh', 'LPiSPS');
INSERT INTO TEACHER(TEACHER, TEACHER_NAME, GENDER, PULPIT)
VALUES ('MSHKVSK', 'Mashkovskij Vladimir Petrovich', 'm', 'LU');
INSERT INTO TEACHER(TEACHER, TEACHER_NAME, GENDER, PULPIT)
VALUES ('ATR', 'Atroshchenko Oleg Aleksandrovich', 'm', 'LU') ;
INSERT INTO TEACHER(TEACHER, TEACHER_NAME, GENDER, PULPIT)
VALUES ('RZHK', 'Rozhkov Leonid Nikolaevich ', 'm', 'LV');
INSERT INTO TEACHER(TEACHER, TEACHER_NAME, GENDER, PULPIT)
VALUES ('ZVGCV', 'Zvyagincev Vyacheslav Borisovich', 'm', 'LZiDV') ;
INSERT INTO TEACHER(TEACHER, TEACHER_NAME, GENDER, PULPIT)
VALUES ('BZBRDV', 'Bezborodov Vladimir Stepanovich', 'm', 'OH') ;
INSERT INTO TEACHER(TEACHER, TEACHER_NAME, GENDER, PULPIT)
VALUES ('NSKVC', 'Naskovec Mihail Trofimovich', 'm', 'TL');
INSERT INTO TEACHER(TEACHER, TEACHER_NAME, GENDER, PULPIT)
VALUES ('MHV', 'Mohov Sergej Petrovich', 'm', 'LMiLZ');
INSERT INTO TEACHER(TEACHER, TEACHER_NAME, GENDER, PULPIT)
VALUES ('ESHCHNK', 'Eshchenko Lyudmila Semenovna', 'zh', 'TNViOHT');


CREATE TABLE SUBJECT
(
SUBJECT nvarchar2(10) PRIMARY KEY,
SUBJECT_NAME nvarchar2(100) unique,
PULPIT nvarchar2(20), FOREIGN KEY(PULPIT) REFERENCES PULPIT(PULPIT)
);


INSERT INTO SUBJECT(SUBJECT, SUBJECT_NAME, PULPIT)
VALUES('SUBD', 'Sistemy upravleniya bazami dannyh', 'ISiT');
INSERT INTO SUBJECT(SUBJECT, SUBJECT_NAME, PULPIT)
VALUES('BD', 'Bazy dannyh', 'ISiT');
INSERT INTO SUBJECT(SUBJECT, SUBJECT_NAME, PULPIT)
VALUES('INF', 'Informacionnye tekhnologii', 'ISiT');
INSERT INTO SUBJECT(SUBJECT, SUBJECT_NAME, PULPIT)
VALUES('OAiP', 'Osnovy algoritmizacii i programmirovaniya', 'ISiT');
INSERT INTO SUBJECT(SUBJECT, SUBJECT_NAME, PULPIT)
VALUES('PZ', 'Predstavlenie znanij v komp`yuternyh sistemah', 'ISiT');
INSERT INTO SUBJECT(SUBJECT, SUBJECT_NAME, PULPIT)
VALUES('PSP', 'Programmirovanie setevyh prilozhenij', 'ISiT');
INSERT INTO SUBJECT(SUBJECT, SUBJECT_NAME, PULPIT)
VALUES('MSOI', 'Modelirovanie sistem obrabotki informacii', 'ISiT');
INSERT INTO SUBJECT(SUBJECT, SUBJECT_NAME, PULPIT)
VALUES('PIS', 'Proektirovanie informacionnyh sistem', 'ISiT');
INSERT INTO SUBJECT(SUBJECT, SUBJECT_NAME, PULPIT)
VALUES('KG', 'Komp`yuternaya geometriya', 'ISiT');
INSERT INTO SUBJECT(SUBJECT, SUBJECT_NAME, PULPIT)
VALUES('PMAPL', 'Poligraf. mashiny, avtomaty i potochnye linii', 'POiSOI');
INSERT INTO SUBJECT(SUBJECT, SUBJECT_NAME, PULPIT)
VALUES('KMS', 'Komp`yuternye mul`timedijnye sistemy', 'ISiT');
INSERT INTO SUBJECT(SUBJECT, SUBJECT_NAME, PULPIT)
VALUES('OPP', 'Organizaciya poligraf. proizvodstva', 'POiSOI');
INSERT INTO SUBJECT(SUBJECT, SUBJECT_NAME, PULPIT)
VALUES('DM', 'Diskretnaya matematika', 'ISiT');
INSERT INTO SUBJECT(SUBJECT, SUBJECT_NAME, PULPIT)
VALUES('MP', 'Matematicheskoe programmirovanie', 'ISiT') ;
INSERT INTO SUBJECT(SUBJECT, SUBJECT_NAME, PULPIT)
VALUES('LEVM', 'Logicheskie osnovy EVM', 'ISiT') ;
INSERT INTO SUBJECT(SUBJECT, SUBJECT_NAME, PULPIT)
VALUES('OOP', 'Ob``ektno-orientirovannoe programmirovanie', 'ISiT');
INSERT INTO SUBJECT(SUBJECT, SUBJECT_NAME, PULPIT)
VALUES('EP', 'Ekonomika prirodopol`zovaniya', 'MiEP');
INSERT INTO SUBJECT(SUBJECT, SUBJECT_NAME, PULPIT)
VALUES('ET', 'Ekonomicheskaya teoriya', 'ETiM');
INSERT INTO SUBJECT(SUBJECT, SUBJECT_NAME, PULPIT)
VALUES('BLZiPsOO', 'Biologiya lesnyh zverej i ptic s osn. ohotov.', 'OV');
INSERT INTO
SUBJECT(SUBJECT, SUBJECT_NAME, PULPIT)
VALUES('OSPiLPH', 'Osnovy sadovo-parkovogo i lesoparkovogo hozyajstva', 'LPiSPS');
INSERT INTO SUBJECT(SUBJECT, SUBJECT_NAME, PULPIT)
VALUES('IG', 'Inzhenernaya geodeziya ', 'LU');
INSERT INTO SUBJECT(SUBJECT, SUBJECT_NAME, PULPIT)
VALUES('LV', 'Lesovodstvo', 'LZiDV');
INSERT INTO SUBJECT(SUBJECT, SUBJECT_NAME, PULPIT)
VALUES('OH', 'Organicheskaya himiya', 'OH');
INSERT INTO SUBJECT(SUBJECT, SUBJECT_NAME, PULPIT)
VALUES('TRI', 'Tekhnologiya rezinovyh izdelij', 'TNHSiPPM');
INSERT INTO SUBJECT(SUBJECT, SUBJECT_NAME, PULPIT)
VALUES('VTL', 'Vodnyj transport lesa', 'TL');
INSERT INTO SUBJECT(SUBJECT, SUBJECT_NAME, PULPIT)
VALUES('TiOL', 'Tekhnologiya i oborudovanie lesozagotovok', 'LMiLZ');
INSERT INTO SUBJECT(SUBJECT, SUBJECT_NAME, PULPIT)
VALUES('TOPI', 'Tekhnologiya obogashcheniya poleznyh iskopaemyh', 'TNViOHT');
INSERT INTO SUBJECT(SUBJECT, SUBJECT_NAME, PULPIT)
VALUES('PEKH', 'Prikladnaya elektrohimiya', 'HTEPiMEE');

---------------------------------------------------------------------------------------—
select * from auditorium;
select * from auditorium_type;
select * from faculty;
select * from pulpit;
select * from teacher;
select * from subject;


drop table auditorium;
drop table auditorium_type;
drop table teacher;
drop table subject;
drop table pulpit;
drop table faculty;



select * from nls_session_parameters;
select * from nls_database_parameters;
alter session set nls_language="RUSSIAN";
alter session set nls_territory="RUSSIA";